{
  "generator_type": "classical_normal",
  "analysis_timestamp": "2025-08-22 16:16:51",
  "training_duration": 3254.8471007347107,
  "convergence_thresholds": {
    "ValidationStep_FakeData_KLDivergence": 0.1,
    "ValidationStep_FakeData_LogLikelihood": -2.0,
    "ValidationStep_FakeData_IsPositive": 0.8
  },
  "configuration": {
    "plateau_patience": 20,
    "smoothing_window": 5,
    "min_epochs": 10
  },
  "metrics_history": {
    "ValidationStep_FakeData_IsPositive": [
      0.030000001192092896,
      0.012000000104308128,
      0.01599999889731407,
      0.06199999898672104,
      -0.013999998569488525,
      -0.06399999558925629,
      -0.026000000536441803,
      -0.06199999898672104,
      0.02199999988079071,
      0.013999998569488525,
      0.017999999225139618,
      -0.010000000707805157,
      0.024000000208616257,
      -0.017999999225139618,
      -0.06599999964237213,
      0.03199999779462814,
      -0.02199999988079071,
      -0.014000000432133675,
      0.04999999701976776,
      0.06800000369548798,
      0.05999999865889549,
      0.006000000983476639,
      -0.035999998450279236,
      0.05000000074505806,
      0.04800000041723251,
      -0.041999999433755875,
      0.0,
      -0.02800000086426735,
      -0.0020000003278255463,
      0.07199999690055847,
      0.06799999624490738
    ],
    "ValidationStep_FakeData_LogLikelihood": [
      -24.905948638916016,
      -7.867101669311523,
      -5.480644226074219,
      -7.394379615783691,
      -4.511711120605469,
      -4.570619583129883,
      -4.164189338684082,
      -4.170607089996338,
      -4.197178840637207,
      -4.2662858963012695,
      -3.947906494140625,
      -3.9809229373931885,
      -3.8766894340515137,
      -4.112070083618164,
      -3.809597969055176,
      -4.122561454772949,
      -3.8846516609191895,
      -3.9731974601745605,
      -3.8690624237060547,
      -3.9165356159210205,
      -3.7430591583251953,
      -4.0125908851623535,
      -4.050617694854736,
      -3.761324644088745,
      -3.698486804962158,
      -3.744105339050293,
      -3.7310502529144287,
      -3.7469611167907715,
      -3.683500289916992,
      -3.82529878616333,
      -3.82096266746521
    ],
    "ValidationStep_FakeData_KLDivergence": [
      -21.521617889404297,
      -3.551180839538574,
      -1.374738097190857,
      -1.7329045534133911,
      -0.4580540657043457,
      -0.4485516846179962,
      -0.22685188055038452,
      -0.18900346755981445,
      -0.19819408655166626,
      -0.18922987580299377,
      -0.1928669959306717,
      -0.13686305284500122,
      -0.033351216465234756,
      -0.09904756397008896,
      0.08431053906679153,
      -0.15336962044239044,
      -0.023455779999494553,
      -0.06367811560630798,
      -0.06439457833766937,
      0.00619771471247077,
      0.028025006875395775,
      -0.12029751390218735,
      -0.19733485579490662,
      0.10898303240537643,
      0.14757388830184937,
      -0.07409019023180008,
      0.00246815150603652,
      0.07776204496622086,
      0.04569529742002487,
      0.09405869990587234,
      -0.04442499577999115
    ],
    "ValidationStep_FakeData_WassersteinDistance": [
      4.5567169189453125,
      1.1733531951904297,
      0.5584261417388916,
      0.6109890937805176,
      0.39076244831085205,
      0.49737030267715454,
      0.37794625759124756,
      0.28351616859436035,
      0.456846684217453,
      0.4592719078063965,
      0.33208608627319336,
      0.31741875410079956,
      0.30691635608673096,
      0.38808178901672363,
      0.3667013645172119,
      0.46036699414253235,
      0.34795331954956055,
      0.4161267876625061,
      0.47136688232421875,
      0.40126991271972656,
      0.432153582572937,
      0.4735504984855652,
      0.5056384801864624,
      0.302884966135025,
      0.2553321123123169,
      0.42354947328567505,
      0.3948255479335785,
      0.22097504138946533,
      0.37418994307518005,
      0.3516290783882141,
      0.2770080268383026
    ],
    "ValidationStep_FakeData_MMDDistance": [
      0.4681314527988434,
      0.29021504521369934,
      0.15225082635879517,
      0.12706781923770905,
      0.1379569172859192,
      0.13316108286380768,
      0.13500896096229553,
      0.11684009432792664,
      0.14605051279067993,
      0.1093987375497818,
      0.12633197009563446,
      0.11307720839977264,
      0.15989334881305695,
      0.14348724484443665,
      0.12691444158554077,
      0.17869505286216736,
      0.10253682732582092,
      0.16072098910808563,
      0.14766359329223633,
      0.11477040499448776,
      0.1336982101202011,
      0.17183420062065125,
      0.1931537389755249,
      0.09221859276294708,
      0.100087970495224,
      0.151580348610878,
      0.12454544752836227,
      0.1168602928519249,
      0.14750492572784424,
      0.10495071113109589,
      0.13551324605941772
    ],
    "ValidationStep_FakeData_MMDivergence": [
      0.8256553411483765,
      0.3853868246078491,
      0.17879915237426758,
      0.1274413764476776,
      0.10282593965530396,
      0.12122166156768799,
      0.09908492863178253,
      0.08218657225370407,
      0.11580558121204376,
      0.09980705380439758,
      0.10455678403377533,
      0.07051263749599457,
      0.11478239297866821,
      0.10692915320396423,
      0.0838395208120346,
      0.13801127672195435,
      0.09051644802093506,
      0.12449170649051666,
      0.13262353837490082,
      0.08943444490432739,
      0.12048414349555969,
      0.13290561735630035,
      0.1477566510438919,
      0.07065008580684662,
      0.061031874269247055,
      0.1358526647090912,
      0.10897389054298401,
      0.07000710070133209,
      0.10975579917430878,
      0.07907602936029434,
      0.10239498317241669
    ]
  },
  "epoch_times": [
    86.15333247184753,
    91.45875382423401,
    87.70261883735657,
    76.00435638427734,
    85.75656247138977,
    83.18657493591309,
    90.57554459571838,
    86.94803547859192,
    91.11530637741089,
    121.98236560821533,
    113.3537220954895,
    104.22154235839844,
    97.19320106506348,
    105.32316517829895,
    111.7522873878479,
    125.86028528213501,
    119.78760147094727,
    106.2703447341919,
    101.79801893234253,
    115.34405946731567,
    106.70363926887512,
    109.11219143867493,
    111.32303929328918,
    104.88826322555542,
    113.62310194969177,
    121.02135705947876,
    117.26352167129517,
    112.77284908294678,
    122.373610496521,
    143.38933897018433
  ],
  "convergence_analysis": {
    "summary": {
      "total_metrics_tracked": 6,
      "metrics_converged": 0,
      "metrics_plateaued": 3,
      "overall_convergence_rate": 0.0
    },
    "metrics": {
      "ValidationStep_FakeData_IsPositive": {
        "epochs_to_convergence": null,
        "improvement_rate": 0.00017478492085932088,
        "improvement_percentage": -26.66667494508923,
        "correlation_coefficient": 0.0876933141835249,
        "converged": false,
        "plateau_detected": false,
        "convergence_pattern": "slow_convergence",
        "final_value": 0.02199999839067459,
        "best_value": 0.07199999690055847,
        "total_epochs": 31
      },
      "ValidationStep_FakeData_LogLikelihood": {
        "epochs_to_convergence": null,
        "improvement_rate": 0.331335516719408,
        "improvement_percentage": 84.89696306217928,
        "correlation_coefficient": 0.644591845257662,
        "converged": false,
        "plateau_detected": false,
        "convergence_pattern": "slow_convergence",
        "final_value": -3.7615546226501464,
        "best_value": -3.683500289916992,
        "total_epochs": 31
      },
      "ValidationStep_FakeData_KLDivergence": {
        "epochs_to_convergence": null,
        "improvement_rate": 0.3203008950871581,
        "improvement_percentage": 100.16314684046557,
        "correlation_coefficient": 0.6175389252495126,
        "converged": false,
        "plateau_detected": false,