{
  "generator_type": "classical_normal",
  "analysis_timestamp": "2025-08-22 11:42:08",
  "training_duration": 1696.679127216339,
  "convergence_thresholds": {
    "ValidationStep_FakeData_KLDivergence": 0.1,
    "ValidationStep_FakeData_LogLikelihood": -2.0,
    "ValidationStep_FakeData_IsPositive": 0.8
  },
  "configuration": {
    "plateau_patience": 20,
    "smoothing_window": 5,
    "min_epochs": 10
  },
  "metrics_history": {
    "ValidationStep_FakeData_IsPositive": [
      0.030000001192092896,
      0.012000000104308128,
      0.041999999433755875,
      0.04600000008940697,
      -0.017999999225139618,
      -0.06800000369548798,
      -0.04200000315904617,
      -0.05400000140070915,
      0.017999999225139618,
      0.025999996811151505,
      0.019999999552965164,
      0.0019999993965029716,
      0.011999999172985554,
      -0.012000000104308128,
      -0.07000000029802322,
      0.01600000075995922,
      -0.024000000208616257,
      -0.014000000432133675,
      0.04600000008940697,
      0.053999997675418854,
      0.06200000271201134,
      0.024000000208616257
    ],
    "ValidationStep_FakeData_LogLikelihood": [
      -24.905948638916016,
      -7.867101669311523,
      -6.036749839782715,
      -11.946369171142578,
      -4.4377522468566895,
      -4.366802215576172,
      -4.878868103027344,
      -4.110101699829102,
      -4.052387237548828,
      -3.9749698638916016,
      -4.08513069152832,
      -3.735344409942627,
      -3.8026397228240967,
      -3.901221752166748,
      -3.645535945892334,
      -3.8030362129211426,
      -3.712343692779541,
      -3.966747283935547,
      -3.6111841201782227,
      -3.698167324066162,
      -3.986950397491455,
      -3.9215922355651855
    ],
    "ValidationStep_FakeData_KLDivergence": [
      -21.521617889404297,
      -3.551180839538574,
      -1.8143315315246582,
      -5.047367095947266,
      -0.4366241693496704,
      -0.4374065399169922,
      -0.8898716568946838,
      -0.3295707702636719,
      -0.23048187792301178,
      -0.1758999526500702,
      -0.15770354866981506,
      -0.02313544601202011,
      0.09505069255828857,
      -0.22106340527534485,
      0.05016300454735756,
      -0.041243404150009155,
      -0.02500743791460991,
      -0.04994887113571167,
      0.13877668976783752,
      0.10913778096437454,
      -0.07636789232492447,
      0.013896908611059189
    ],
    "ValidationStep_FakeData_WassersteinDistance": [
      4.5567169189453125,
      1.1733531951904297,
      0.589054524898529,
      0.6982765197753906,
      0.3355352580547333,
      0.41257786750793457,
      0.47840914130210876,
      0.36080700159072876,
      0.42776739597320557,
      0.4142484664916992,
      0.31851452589035034,
      0.30235758423805237,
      0.24653255939483643,
      0.4266747832298279,
      0.31572431325912476,
      0.33724674582481384,
      0.2872135639190674,
      0.5115936398506165,
      0.28401297330856323,
      0.3895379900932312,
      0.37149760127067566,
      0.2576904296875
    ],
    "ValidationStep_FakeData_MMDDistance": [
      0.4681314527988434,
      0.29021504521369934,
      0.1520637422800064,
      0.1165241003036499,
      0.13539078831672668,
      0.11524584889411926,
      0.17460519075393677,
      0.09956566989421844,
      0.15299516916275024,
      0.11473605781793594,
      0.12721970677375793,
      0.10396051406860352,
      0.10279995203018188,
      0.1442895233631134,
      0.10987723618745804,
      0.10496170818805695,
      0.11494121700525284,
      0.1839783489704132,
      0.10804440081119537,
      0.13172239065170288,
      0.10188810527324677,
      0.09217381477355957
    ],
    "ValidationStep_FakeData_MMDivergence": [
      0.8256553411483765,
      0.3853868246078491,
      0.1799895316362381,
      0.11788197606801987,
      0.10363917052745819,
      0.13118654489517212,
      0.13932903110980988,
      0.0961909070611,
      0.14434292912483215,
      0.11611989140510559,
      0.0869486927986145,
      0.08501704037189484,
      0.06796619296073914,
      0.13237570226192474,
      0.07950900495052338,
      0.09102039039134979,
      0.0846228152513504,
      0.14806045591831207,
      0.07941152155399323,
      0.09488730132579803,
      0.08783279359340668,
      0.05657564476132393
    ]
  },
  "epoch_times": [
    74.15856766700745,
    82.45849633216858,
    74.68018054962158,
    70.2101321220398,
    80.46012139320374,
    73.81409907341003,
    73.65246677398682,
    78.84995341300964,
    74.98746299743652,
    76.60075902938843,
    79.30171132087708,
    76.48056221008301,
    68.26983642578125,
    85.8411431312561,
    81.28410196304321,
    95.70846509933472,
    81.80072236061096,
    73.62668299674988,
    75.93867564201355,
    73.12376308441162
  ],
  "convergence_analysis": {
    "summary": {
      "total_metrics_tracked": 6,
      "metrics_converged": 0,
      "metrics_plateaued": 3,
      "overall_convergence_rate": 0.0
    },
    "metrics": {
      "ValidationStep_FakeData_IsPositive": {
        "epochs_to_convergence": null,
        "improvement_rate": -0.0005615471633326117,
        "improvement_percentage": 14.666662279102702,
        "correlation_coefficient": -0.17350843860821163,
        "converged": false,
        "plateau_detected": false,
        "convergence_pattern": "slow_convergence",
        "final_value": 0.034400000050663945,
        "best_value": 0.06200000271201134,
        "total_epochs": 22
      },
      "ValidationStep_FakeData_LogLikelihood": {
        "epochs_to_convergence": null,
        "improvement_rate": 0.644844143363282,
        "improvement_percentage": 84.59432994151429,
        "correlation_coefficient": 0.7665774070325493,
        "converged": false,
        "plateau_detected": false,
        "convergence_pattern": "slow_convergence",
        "final_value": -3.8369282722473144,
        "best_value": -3.6111841201782227,
        "total_epochs": 22
      },
      "ValidationStep_FakeData_KLDivergence": {
        "epochs_to_convergence": null,
        "improvement_rate": 0.62093066651379,
        "improvement_percentage": 100.12591489782872,
        "correlation_coefficient": 0.7376522218748484,
        "converged": false,
        "plateau_detected": false,
        "convergence_pattern": "slow_convergence",
        "final_value": 0.027098923176527023,
        "best_value": 0.13877668976783752,
        "total_epochs": 22
      },
      "ValidationStep_FakeData_WassersteinDistance": {
        "epochs_to_convergence": null,
        "improvement_rate": -0.11695049384960499,
        "improvement_percentage": -92.03666733534754,
        "correlation_coefficient": -0.70694327655538,
        "converged": false,
        "plateau_detected": true,
        "convergence_pattern": "slow_convergence",
        "final_value": 0.3628665268421173,
        "best_value": 4.5567169189453125,
        "total_epochs": 22
      },
      "ValidationStep_FakeData_MMDDistance": {
        "epochs_to_convergence": null,
        "improvement_rate": -0.010853741637438274,
        "improvement_percentage": -73.6054026369559,
        "correlation_coefficient": -0.7329521675196338,
        "converged": false,
        "plateau_detected": true,
        "convergence_pattern": "slow_convergence",
        "final_value": 0.12356141209602356,
        "best_value": 0.4681314527988434,
        "total_epochs": 22
      },
      "ValidationStep_FakeData_MMDivergence": {
        "epochs_to_convergence": null,
        "improvement_rate": -0.02259391153561862,
        "improvement_percentage": -88.6934004083684,
        "correlation_coefficient": -0.7436035154374286,
        "converged": false,
        "plateau_detected": true,
        "convergence_pattern": "slow_convergence",
        "final_value": 0.09335354343056679,
        "best_value": 0.8256553411483765,
        "total_epochs": 22
      }
    },
    "rankings": {
      "fastest_convergence": [],